<?xml version="1.0" encoding="UTF-8"?>
<beans xmlns="http://www.springframework.org/schema/beans"
       xmlns:xsi="http://www.w3.org/2001/XMLSchema-instance"
       xmlns:util="http://www.springframework.org/schema/util"
       xmlns:tx="http://www.springframework.org/schema/tx"
       xmlns:aop="http://www.springframework.org/schema/aop"
       xmlns:lang="http://www.springframework.org/schema/lang"
       xsi:schemaLocation="http://www.springframework.org/schema/beans http://www.springframework.org/schema/beans/spring-beans-2.0.xsd
                           http://www.springframework.org/schema/util http://www.springframework.org/schema/util/spring-util-2.0.xsd
                           http://www.springframework.org/schema/tx http://www.springframework.org/schema/tx/spring-tx-2.0.xsd
                           http://www.springframework.org/schema/aop http://www.springframework.org/schema/aop/spring-aop-2.0.xsd
                           http://www.springframework.org/schema/lang http://www.springframework.org/schema/lang/spring-lang-2.0.xsd">


    <bean id="customerScoringService" class="com.apress.prospring2.ch14.dsl.RandomCustomerScoringService"/>

    <bean id="transactionManager" class="com.apress.prospring2.ch14.dsl.NoopTransactionManager"/>

    <tx:advice id="allTransactionalAdvice" transaction-manager="transactionManager">
        <tx:attributes>
            <tx:method name="*"/>
        </tx:attributes>
    </tx:advice>

    <aop:config>
        <aop:pointcut id="discountCalculationOperation" expression="execution(* com.apress.prospring2.ch14.dsl.DiscountCalculator.*(..))"/>
        <aop:advisor advice-ref="allTransactionalAdvice" pointcut-ref="discountCalculationOperation"/>
    </aop:config>

    <lang:jruby id="discountCalculator"
            script-interfaces="com.apress.prospring2.ch14.dsl.DiscountCalculator"
            script-source="/com/apress/prospring2/ch14/dsl/Dsl.rb">
        <lang:property name="customerScoringService" ref="customerScoringService"/>
    </lang:jruby>

</beans>
