<?xml version="1.0" encoding="UTF-8"?>
<!--suppress ALL -->
<beans xmlns="http://www.springframework.org/schema/beans"
       xmlns:xsi="http://www.w3.org/2001/XMLSchema-instance"
       xmlns:util="http://www.springframework.org/schema/util"
       xmlns:tx="http://www.springframework.org/schema/tx"
       xmlns:aop="http://www.springframework.org/schema/aop"
       xsi:schemaLocation="http://www.springframework.org/schema/beans http://www.springframework.org/schema/beans/spring-beans-2.0.xsd
                           http://www.springframework.org/schema/util http://www.springframework.org/schema/util/spring-util-2.0.xsd
                           http://www.springframework.org/schema/tx http://www.springframework.org/schema/tx/spring-tx-2.0.xsd
                           http://www.springframework.org/schema/aop http://www.springframework.org/schema/aop/spring-aop-2.0.xsd">

	<bean id="dataSource" class="org.springframework.jndi.JndiObjectFactoryBean">
		<property name="jndiName" value="java:comp/env/jdbc/bpb"/>
	</bean>

	<bean id="hibernateSessionFactory" class="org.springframework.orm.hibernate3.LocalSessionFactoryBean">
		<property name="dataSource" ref="dataSource"/>
		<property name="lobHandler" ref="lobHandler"/>
        <property name="useTransactionAwareDataSource" value="true"/>
		<property name="mappingLocations">
			<list>
				<value>classpath*:/com/apress/prospring2/ch11/dataaccess/hibernate/*.hbm.xml</value>
			</list>
		</property>
		<property name="hibernateProperties">
			<props>
				<prop key="hibernate.dialect">org.hibernate.dialect.Oracle9Dialect</prop>
				<prop key="hibernate.show_sql">true</prop>
				<prop key="hibernate.jdbc.batch_size">10</prop>
				<prop key="hibernate.order_updates">true</prop>
				<prop key="hibernate.use_sql_comments">false</prop>
				<prop key="hibernate.connection.release_mode">on_close</prop>
				<prop key="hibernate.transaction.auto_close_session">false</prop>
				<prop key="hibernate.cglib.use_reflection_optimizer">false</prop>
			</props>
		</property>
		<property name="schemaUpdate" value="false"/>
	</bean>

	<bean id="transactionManager" class="org.springframework.orm.hibernate3.HibernateTransactionManager">
		<property name="sessionFactory" ref="hibernateSessionFactory"/>
		<property name="nestedTransactionAllowed" value="true"/>
        <property name="dataSource" ref="dataSource"/>
    </bean>

	<bean id="nativeJdbcExtractor" class="org.springframework.jdbc.support.nativejdbc.SimpleNativeJdbcExtractor"/>
	<bean id="lobHandler" class="org.springframework.jdbc.support.lob.OracleLobHandler">
		<property name="nativeJdbcExtractor" ref="nativeJdbcExtractor"/>
	</bean>

</beans>
