<?xml version="1.0" encoding="UTF-8"?>
<beans xmlns="http://www.springframework.org/schema/beans"
       xmlns:xsi="http://www.w3.org/2001/XMLSchema-instance"
       xmlns:util="http://www.springframework.org/schema/util"
       xmlns:tx="http://www.springframework.org/schema/tx"
       xmlns:aop="http://www.springframework.org/schema/aop"
       xsi:schemaLocation="http://www.springframework.org/schema/beans http://www.springframework.org/schema/beans/spring-beans-2.0.xsd
                           http://www.springframework.org/schema/util http://www.springframework.org/schema/util/spring-util-2.0.xsd
                           http://www.springframework.org/schema/tx http://www.springframework.org/schema/tx/spring-tx-2.0.xsd
                           http://www.springframework.org/schema/aop http://www.springframework.org/schema/aop/spring-aop-2.0.xsd">


    <tx:advice id="txAdvice" transaction-manager="transactionManager">
        <tx:attributes>
            <tx:method name="work" propagation="REQUIRES_NEW"/>
        </tx:attributes>
    </tx:advice>

    <aop:config>
        <aop:pointcut id="sampleServiceOperation" expression="execution(* com.apress.prospring2.ch11.service.SampleService.*(..))"/>
        <aop:advisor advice-ref="txAdvice" pointcut-ref="sampleServiceOperation"/>
    </aop:config>

    <bean id="sampleService" class="com.apress.prospring2.ch11.service.LoggingSampleService">
        <property name="logEntryDao" ref="logEntryDao"/>
    </bean>
</beans>
