<?xml version="1.0" encoding="UTF-8"?>
<beans xmlns="http://www.springframework.org/schema/beans"
       xmlns:xsi="http://www.w3.org/2001/XMLSchema-instance"
       xmlns:util="http://www.springframework.org/schema/util"
       xmlns:tx="http://www.springframework.org/schema/tx"
       xmlns:aop="http://www.springframework.org/schema/aop"
       xsi:schemaLocation="http://www.springframework.org/schema/beans http://www.springframework.org/schema/beans/spring-beans-2.0.xsd
                           http://www.springframework.org/schema/util http://www.springframework.org/schema/util/spring-util-2.0.xsd
                           http://www.springframework.org/schema/tx http://www.springframework.org/schema/tx/spring-tx-2.0.xsd
                           http://www.springframework.org/schema/aop http://www.springframework.org/schema/aop/spring-aop-2.0.xsd">

    <tx:advice id="txAdvice" transaction-manager="transactionManager">
        <tx:attributes>
            <tx:method name="find*" read-only="true"/>
            <tx:method name="*" propagation="REQUIRES_NEW"/>
        </tx:attributes>
    </tx:advice>

    <aop:config>
        <aop:pointcut id="serviceOperation" expression="execution(* com.apress.prospring2.ch11.service.*.*(..))"/>
        <aop:advisor advice-ref="txAdvice" pointcut-ref="serviceOperation"/>
    </aop:config>

    <bean id="invoiceService" class="com.apress.prospring2.ch11.service.DefaultInvoiceService">
        <property name="invoiceDao" ref="invoiceDao"/>
    </bean>
    <bean id="supplierService" class="com.apress.prospring2.ch11.service.DefaultSupplierService">
        <property name="supplierDao" ref="supplierDao"/>
    </bean>
    <bean id="lobTestService" class="com.apress.prospring2.ch11.service.DefaultLobTestService">
        <property name="lobTestDao" ref="lobTestDao"/>
    </bean>
</beans>
