<?xml version="1.0" encoding="UTF-8"?>
<beans xmlns="http://www.springframework.org/schema/beans"
       xmlns:xsi="http://www.w3.org/2001/XMLSchema-instance"
       xmlns:util="http://www.springframework.org/schema/util"
       xmlns:tx="http://www.springframework.org/schema/tx"
       xmlns:aop="http://www.springframework.org/schema/aop"
       xmlns:context="http://www.springframework.org/schema/context"
       xsi:schemaLocation="
        http://www.springframework.org/schema/beans
        http://www.springframework.org/schema/beans/spring-beans-2.5.xsd
        http://www.springframework.org/schema/context
        http://www.springframework.org/schema/context/spring-context-2.5.xsd">

    <bean id="helloWorldService" class="com.apress.prospring2.ch15.remoting.SimpleHelloWorld"/>

    <bean id="serviceExporter" class="org.springframework.remoting.rmi.RmiServiceExporter">
        <property name="serviceName" value="HelloWorld" />

        <property name="service" ref="helloWorldService" />

        <property name="serviceInterface" value="com.apress.prospring2.ch15.remoting.HelloWorld" />

        <property name="registryPort" value="9000" />

        <property name="servicePort" value="9001" />

    </bean>

</beans>
