<?xml version="1.0" encoding="UTF-8"?>
<beans xmlns="http://www.springframework.org/schema/beans"
       xmlns:xsi="http://www.w3.org/2001/XMLSchema-instance"
       xmlns:util="http://www.springframework.org/schema/util"
       xmlns:tx="http://www.springframework.org/schema/tx"
       xmlns:aop="http://www.springframework.org/schema/aop"
       xmlns:context="http://www.springframework.org/schema/context"
       xsi:schemaLocation="
        http://www.springframework.org/schema/beans
        http://www.springframework.org/schema/beans/spring-beans-2.5.xsd
        http://www.springframework.org/schema/context
        http://www.springframework.org/schema/context/spring-context-2.5.xsd">

    <bean id="defaultHandlerMapping" class="org.springframework.web.servlet.handler.BeanNameUrlHandlerMapping"/>

    <bean name="/helloWorld" class="org.springframework.remoting.caucho.HessianServiceExporter">
        <property name="service">
            <ref bean="helloWorldService"/>
        </property>
        <property name="serviceInterface">
            <value>com.apress.prospring2.ch15.remoting.HelloWorld</value>
        </property>
    </bean>

    <bean name="/messageServiceSecure" class="org.springframework.remoting.caucho.HessianServiceExporter">
        <property name="service">
            <ref bean="messageService"/>
        </property>
        <property name="serviceInterface">
            <value>com.apress.prospring2.ch15.remoting.MessageService</value>
        </property>
    </bean>

</beans>