<?xml version="1.0" encoding="UTF-8"?>
<beans xmlns="http://www.springframework.org/schema/beans"
       xmlns:aop="http://www.springframework.org/schema/aop"
       xmlns:tx="http://www.springframework.org/schema/tx"
       xmlns:xsi="http://www.w3.org/2001/XMLSchema-instance"
       xsi:schemaLocation="
            http://www.springframework.org/schema/beans
            http://www.springframework.org/schema/beans/spring-beans.xsd
            http://www.springframework.org/schema/tx
            http://www.springframework.org/schema/tx/spring-tx.xsd
            http://www.springframework.org/schema/aop
            http://www.springframework.org/schema/aop/spring-aop.xsd">


    <bean id="bankService"
          class="com.apress.prospring2.ch16.services.DefaultBankService">
        <property name="accountDao" ref="accountDao"/>
    </bean>

    <bean id="workerFactory"
          class="com.apress.prospring2.ch16.synchronization.TransactionAwareWorkerFactory"/>
    <bean id="accountService"
        class="com.apress.prospring2.ch16.services.DefaultAccountService">
        <property name="accountDao" ref="accountDao"/>
        <property name="workerFactory" ref="workerFactory"/>
    </bean>

    <tx:annotation-driven transaction-manager="transactionManager"/>
    <aop:aspectj-autoproxy />

</beans>
