<?xml version="1.0" encoding="UTF-8"?>
<beans xmlns="http://www.springframework.org/schema/beans"
       xmlns:xsi="http://www.w3.org/2001/XMLSchema-instance"
       xmlns:jee="http://www.springframework.org/schema/jee"
       xsi:schemaLocation="http://www.springframework.org/schema/beans http://www.springframework.org/schema/beans/spring-beans-2.5.xsd
                           http://www.springframework.org/schema/jee http://www.springframework.org/schema/j2ee/spring-jee-2.5.xsd">

    <jee:jndi-lookup id="dataSource" jndi-name="java:comp/env/jdbc/prospring2/ch11" expected-type="javax.sql.DataSource"/>

	<bean id="hibernateSessionFactory" class="org.springframework.orm.hibernate3.LocalSessionFactoryBean">
		<property name="dataSource" ref="dataSource"/>
		<property name="mappingLocations">
			<list>
				<value>classpath*:/com/apress/prospring2/ch11/dataaccess/hibernate/*.hbm.xml</value>
			</list>
		</property>
		<property name="hibernateProperties">
			<value>hibernate.dialect=org.hibernate.dialect.Oracle9Dialect</value>
		</property>
    </bean>

</beans>
