<?xml version="1.0" encoding="UTF-8"?>
<beans xmlns="http://www.springframework.org/schema/beans"
       xmlns:xsi="http://www.w3.org/2001/XMLSchema-instance"
       xmlns:util="http://www.springframework.org/schema/util"
       xmlns:tx="http://www.springframework.org/schema/tx"
       xmlns:aop="http://www.springframework.org/schema/aop"
       xsi:schemaLocation="http://www.springframework.org/schema/beans http://www.springframework.org/schema/beans/spring-beans-2.0.xsd
                           http://www.springframework.org/schema/util http://www.springframework.org/schema/util/spring-util-2.0.xsd
                           http://www.springframework.org/schema/tx http://www.springframework.org/schema/tx/spring-tx-2.0.xsd
                           http://www.springframework.org/schema/aop http://www.springframework.org/schema/aop/spring-aop-2.0.xsd">

	<bean id="dataSource" class="org.springframework.jndi.JndiObjectFactoryBean">
		<property name="jndiName" value="java:comp/env/jdbc/prospring2/ch11"/>
	</bean>

	<bean id="hibernateSessionFactory" class="org.springframework.orm.hibernate3.LocalSessionFactoryBean">
		<property name="dataSource" ref="dataSource"/>
		<property name="mappingLocations">
			<list>
				<value>classpath*:/com/apress/prospring2/ch11/dataaccess/hibernate/*.hbm.xml</value>
			</list>
		</property>
		<property name="hibernateProperties">
			<props>
				<prop key="hibernate.dialect">org.hibernate.dialect.Oracle9Dialect</prop>
                <prop key="hibernate.current_session_context_class">thread</prop>
                <prop key="hibernate.transaction.factory_class">org.hibernate.transaction.JDBCTransactionFactory</prop>
            </props>
		</property>
    </bean>

    <bean id="hibernateDaoSupport" abstract="true" class="org.springframework.orm.hibernate3.support.HibernateDaoSupport">
        <property name="sessionFactory" ref="hibernateSessionFactory"/>
    </bean>
    <bean id="logEntryDao" class="com.apress.prospring2.ch11.dataaccess.hibernate.HibernateLogEntryDao" parent="hibernateDaoSupport"/>

    <bean id="templatelessLogEntryDao" class="com.apress.prospring2.ch11.dataaccess.hibernate.TemplatelessHibernateInvoiceLogEntryDao">
        <constructor-arg ref="hibernateSessionFactory"/>
    </bean>
    <bean class="org.springframework.dao.annotation.PersistenceExceptionTranslationPostProcessor"/>
    
</beans>
