<?xml version="1.0" encoding="UTF-8"?>
<beans xmlns="http://www.springframework.org/schema/beans"
       xmlns:xsi="http://www.w3.org/2001/XMLSchema-instance"
       xmlns:util="http://www.springframework.org/schema/util"
       xmlns:tx="http://www.springframework.org/schema/tx"
       xmlns:aop="http://www.springframework.org/schema/aop"
       xmlns:context="http://www.springframework.org/schema/context"
       xsi:schemaLocation="
        http://www.springframework.org/schema/beans
        http://www.springframework.org/schema/beans/spring-beans-2.5.xsd
        http://www.springframework.org/schema/context
        http://www.springframework.org/schema/context/spring-context-2.5.xsd">

    <bean id="messageService" class="org.springframework.remoting.httpinvoker.HttpInvokerProxyFactoryBean">
        <property name="serviceUrl" value="http://localhost:8080/remoting/http/messageServiceSecure" />

        <property name="serviceInterface" value="com.apress.prospring2.ch15.remoting.MessageService" />

        <property name="httpInvokerRequestExecutor" ref="requestExecutor" />
    </bean>

    <bean id="requestExecutor" class="org.springframework.remoting.httpinvoker.CommonsHttpInvokerRequestExecutor">
        <property name="httpClient">
            <bean class="com.apress.prospring2.ch15.remoting.http.HttpClientFactoryBean">
                <property name="username" value="tomcat" />
                <property name="password" value="tomcat" />
            </bean>
        </property>
    </bean>
</beans>
