<?xml version="1.0" encoding="UTF-8"?>
<beans xmlns="http://www.springframework.org/schema/beans"
       xmlns:xsi="http://www.w3.org/2001/XMLSchema-instance"
       xmlns:util="http://www.springframework.org/schema/util"
       xmlns:tx="http://www.springframework.org/schema/tx"
       xmlns:aop="http://www.springframework.org/schema/aop"
       xsi:schemaLocation="http://www.springframework.org/schema/beans http://www.springframework.org/schema/beans/spring-beans-2.0.xsd
                           http://www.springframework.org/schema/util http://www.springframework.org/schema/util/spring-util-2.0.xsd
                           http://www.springframework.org/schema/tx http://www.springframework.org/schema/tx/spring-tx-2.0.xsd
                           http://www.springframework.org/schema/aop http://www.springframework.org/schema/aop/spring-aop-2.0.xsd">

   <bean id="scheduled" class="com.apress.prospring2.ch08.scheduling.ScheduledBean"/>

    <bean class="org.springframework.scheduling.quartz.CronTriggerBean">
        <property name="jobDetail" ref="renderJobDetail"/>
        <property name="cronExpression" value="0 * * * * ?"/>
    </bean>

    <bean id="renderJobDetail" class="org.springframework.scheduling.quartz.MethodInvokingJobDetailFactoryBean">
        <property name="targetObject" ref="scheduled"/>
        <property name="targetMethod" value="render"/>
        <property name="concurrent" value="false"/>
    </bean>


</beans>
