<?xml version="1.0" encoding="UTF-8"?>
<beans xmlns="http://www.springframework.org/schema/beans"
       xmlns:xsi="http://www.w3.org/2001/XMLSchema-instance"
       xmlns:util="http://www.springframework.org/schema/util"
       xmlns:tx="http://www.springframework.org/schema/tx"
       xmlns:aop="http://www.springframework.org/schema/aop"
       xsi:schemaLocation="http://www.springframework.org/schema/beans http://www.springframework.org/schema/beans/spring-beans-2.0.xsd
                           http://www.springframework.org/schema/util http://www.springframework.org/schema/util/spring-util-2.0.xsd
                           http://www.springframework.org/schema/tx http://www.springframework.org/schema/tx/spring-tx-2.0.xsd
                           http://www.springframework.org/schema/aop http://www.springframework.org/schema/aop/spring-aop-2.0.xsd">

    <bean id="mbeanServer" class="org.springframework.jmx.support.MBeanServerFactoryBean">
        <property name="locateExistingServerIfPossible" value="true"/>
    </bean>
    <bean id="mainScheduler" class="com.apress.prospring2.ch08.scheduling.AutodiscoveringSchedulerFactoryBean">
        <property name="autoStartup" value="true"/>
    </bean>
    <bean id="schedulerManager" class="com.apress.prospring2.ch08.scheduling.QuartzSchedulerManager">
        <property name="scheduler" ref="mainScheduler"/>
    </bean>

    <bean id="jmxAttributeSource"
          class="org.springframework.jmx.export.annotation.AnnotationJmxAttributeSource"/>

    <bean id="assembler"
          class="org.springframework.jmx.export.assembler.MetadataMBeanInfoAssembler">
        <property name="attributeSource" ref="jmxAttributeSource"/>
    </bean>

    <bean id="namingStrategy"
          class="org.springframework.jmx.export.naming.MetadataNamingStrategy">
        <property name="attributeSource" ref="jmxAttributeSource"/>
    </bean>


    <bean class="org.springframework.jmx.export.MBeanExporter">
        <property name="autodetect" value="true"/>
        <property name="server" ref="mbeanServer"/>
        <property name="assembler" ref="assembler"/>
        <property name="namingStrategy" ref="namingStrategy"/>
    </bean>

</beans>
