<?xml version="1.0" encoding="UTF-8"?>
<beans xmlns="http://www.springframework.org/schema/beans"
       xmlns:xsi="http://www.w3.org/2001/XMLSchema-instance"
       xmlns:aop="http://www.springframework.org/schema/aop"
       xsi:schemaLocation="
            http://www.springframework.org/schema/beans
            http://www.springframework.org/schema/beans/spring-beans.xsd
            http://www.springframework.org/schema/aop
            http://www.springframework.org/schema/aop/spring-aop.xsd">

    <bean id="userService" class="com.apress.prospring2.ch06.services.DefaultUserService"/>
    <bean id="stockService" class="com.apress.prospring2.ch06.services.DefaultStockService"/>

    <bean id="aspectBean" class="com.apress.prospring2.ch06.xml.AspectBean"/>

    <aop:config>
        <aop:aspect id="firstAspect" ref="aspectBean">
            <aop:after-returning method="auditCall"
                                 pointcut="execution(* com.apress.prospring2.ch06.services.*.*(..)) &amp;&amp; target(target)"
                                 arg-names="target,ret"
                                 returning="ret"/>
        </aop:aspect>
    </aop:config>

</beans>
