<?xml version="1.0"?>
<!DOCTYPE hibernate-mapping PUBLIC
        "-//Hibernate/Hibernate Mapping DTD 3.0//EN"
        "http://hibernate.sourceforge.net/hibernate-mapping-3.0.dtd">

<hibernate-mapping default-lazy="false">

    <class name="com.apress.prospring2.ch11.domain.LogEntry" table="t_log_entry">
        <id name="id" type="long" unsaved-value="null">
            <generator class="sequence">
                <param name="sequence">s_log_entry_id</param>
            </generator>
        </id>
        <version name="version" column="version" unsaved-value="null" type="long" />
        <property name="name" column="name_" not-null="true"/>
        <property name="date" column="date_" not-null="true"/>
    </class>

</hibernate-mapping>