<?xml version="1.0" encoding="UTF-8"?>
<beans xmlns="http://www.springframework.org/schema/beans"
       xmlns:xsi="http://www.w3.org/2001/XMLSchema-instance"
       xmlns:util="http://www.springframework.org/schema/util"
       xsi:schemaLocation="
                http://www.springframework.org/schema/beans
                http://www.springframework.org/schema/beans/spring-beans.xsd
                http://www.springframework.org/schema/util
                http://www.springframework.org/schema/util/spring-util.xsd">

    <bean id="encyclopedia"
          name="knowitall"
          class="com.apress.prospring2.ch03.di.ConfigurableEncyclopedia">
        <constructor-arg>
            <util:map>
                <entry key="AgeOfUniverse" value="13700000000"/>
                <entry key="ConstantOfLife" value="326190476"/>
            </util:map>
        </constructor-arg>
    </bean>

    <bean id="oracle" class="com.apress.prospring2.ch03.di.BookwormOracle">
        <property name="encyclopedia" ref="knowitall"/>
    </bean>

</beans>
