<?xml version="1.0" encoding="UTF-8"?>
<beans xmlns="http://www.springframework.org/schema/beans"
       xmlns:xsi="http://www.w3.org/2001/XMLSchema-instance"
       xsi:schemaLocation="
                http://www.springframework.org/schema/beans
                http://www.springframework.org/schema/beans/spring-beans.xsd">

    <bean id="target1" class="com.apress.prospring2.ch03.dependencycheck.SimpleBean"
            dependency-check="simple">
        <property name="someInt" value="1"/>
    </bean>

    <bean id="target2" class="com.apress.prospring2.ch03.dependencycheck.SimpleBean"
        dependency-check="objects">
        <property name="nestedSimpleBean" ref="nestedSimpleBean"/>
    </bean>

    <bean id="target3" class="com.apress.prospring2.ch03.dependencycheck.SimpleBean"
        dependency-check="all">
        <property name="nestedSimpleBean" ref="nestedSimpleBean"/>
        <property name="someInt" value="1"/>
    </bean>

    <bean id="nestedSimpleBean" class="com.apress.prospring2.ch03.dependencycheck.SimpleBean"/>

</beans>
