<?xml version="1.0" encoding="UTF-8"?>
<beans xmlns="http://www.springframework.org/schema/beans"
       xmlns:xsi="http://www.w3.org/2001/XMLSchema-instance"
       xmlns:util="http://www.springframework.org/schema/util"
       xmlns:tx="http://www.springframework.org/schema/tx"
       xmlns:aop="http://www.springframework.org/schema/aop"
       xmlns:context="http://www.springframework.org/schema/context"
       xsi:schemaLocation="
        http://www.springframework.org/schema/beans
        http://www.springframework.org/schema/beans/spring-beans-2.5.xsd
        http://www.springframework.org/schema/context
        http://www.springframework.org/schema/context/spring-context-2.5.xsd">

    <bean id="helloWorldService" class="org.springframework.remoting.jaxrpc.JaxRpcPortProxyFactoryBean" >
        <property name="serviceFactoryClass" value="org.apache.axis.client.ServiceFactory"/>
        
        <property name="wsdlDocumentUrl" value="http://localhost:8080/remoting/services/HelloWorld?wsdl" />

        <property name="namespaceUri" value="http://localhost:8080/remoting/services/HelloWorld" />

        <property name="serviceName" value="JaxRpcHelloWorldService"/>

        <property name="portName" value="HelloWorld" />

        <property name="portInterface" value="com.apress.prospring2.ch15.remoting.rmi.RemoteHelloWorld" />

        <property name="serviceInterface" value="com.apress.prospring2.ch15.remoting.rmi.RemoteHelloWorld" />

    </bean>
</beans>
