<?xml version="1.0" encoding="UTF-8"?>
<beans xmlns="http://www.springframework.org/schema/beans"
       xmlns:xsi="http://www.w3.org/2001/XMLSchema-instance"
       xmlns:util="http://www.springframework.org/schema/util"
       xmlns:tx="http://www.springframework.org/schema/tx"
       xmlns:aop="http://www.springframework.org/schema/aop"
       xsi:schemaLocation="http://www.springframework.org/schema/beans http://www.springframework.org/schema/beans/spring-beans-2.0.xsd
                           http://www.springframework.org/schema/util http://www.springframework.org/schema/util/spring-util-2.0.xsd
                           http://www.springframework.org/schema/tx http://www.springframework.org/schema/tx/spring-tx-2.0.xsd
                           http://www.springframework.org/schema/aop http://www.springframework.org/schema/aop/spring-aop-2.0.xsd">

    <bean id="fileUploadService" class="com.apress.prospring2.ch08.errorreporting.DefaultFileUploadService"/>

    <bean id="client" class="com.apress.prospring2.ch08.errorreporting.SimpleClient">
        <property name="fileUploadService" ref="fileUploadService"/>
    </bean>

    <bean id="errorLogDao" class="com.apress.prospring2.ch08.errorreporting.HeapErrorLogDao"/>

    <bean class="com.apress.prospring2.ch08.errorreporting.ErrorLoggingAroundAspect">
        <property name="errorLogDao" ref="errorLogDao"/>
    </bean>
    <aop:aspectj-autoproxy/>

</beans>
